Player,Team,Position,ADP
Ja'Marr Chase,CIN,WR,1.0
Bijan Robinson,ATL,RB,2.2
Saquon Barkley,PHI,RB,3.7
Jahmyr Gibbs,DET,RB,4.3
Justin Jefferson,MIN,WR,4.8
CeeDee Lamb,DAL,WR,5.2
Christian McCaffrey,SF,RB,8.5
Amon-Ra St. Brown,DET,WR,9.3
Malik Nabers,NYG,WR,9.7
Puka Nacua,LAR,WR,10.3
Derrick Henry,BAL,RB,10.3
Ashton Jeanty,LV,RB,10.3
Nico Collins,HOU,WR,13.3
Brian Thomas Jr.,JAC,WR,15.0
De'Von Achane,MIA,RB,15.2
Josh Jacobs,GB,RB,16.2
Brock Bowers,LV,TE,19.3
Drake London,ATL,WR,19.5
Jonathan Taylor,IND,RB,19.8
A.J. Brown,PHI,WR,20.0
Josh Allen,BUF,QB,20.8
Bucky Irving,TB,RB,21.3
Lamar Jackson,BAL,QB,21.5
Kyren Williams,LAR,RB,24.2
Chase Brown,CIN,RB,24.3
Ladd McConkey,LAC,WR,26.0
Trey McBride,ARI,TE,27.3
James Cook,BUF,RB,30.3
Tee Higgins,CIN,WR,30.5
Jayden Daniels,WAS,QB,30.7
Tyreek Hill,MIA,WR,32.2
Jaxon Smith-Njigba,SEA,WR,33.8
Joe Burrow,CIN,QB,34.2
Jalen Hurts,PHI,QB,35.3
Omarion Hampton,LAC,RB,37.0
Alvin Kamara,NO,RB,37.0
Breece Hall,NYJ,RB,37.3
George Kittle,SF,TE,38.0
Mike Evans,TB,WR,38.7
Davante Adams,LAR,WR,39.3
Garrett Wilson,NYJ,WR,39.7
Terry McLaurin,WAS,WR,40.7
Kenneth Walker III,SEA,RB,40.7
Marvin Harrison Jr.,ARI,WR,41.0
Chuba Hubbard,CAR,RB,45.5
TreVeyon Henderson,NE,RB,47.5
James Conner,ARI,RB,48.2
DJ Moore,CHI,WR,49.0
DK Metcalf,PIT,WR,49.3
Patrick Mahomes II,KC,QB,50.2
Sam LaPorta,DET,TE,52.5
Courtland Sutton,DEN,WR,52.7
Xavier Worthy,KC,WR,55.5
DeVonta Smith,PHI,WR,56.8
D'Andre Swift,CHI,RB,58.2
David Montgomery,DET,RB,59.2
Jameson Williams,DET,WR,59.7
Rashee Rice,KC,WR,60.3
Zay Flowers,BAL,WR,61.5
Isiah Pacheco,KC,RB,62.3
Travis Kelce,KC,TE,62.7
RJ Harvey,DEN,RB,63.0
Tetairoa McMillan,CAR,WR,63.5
Baker Mayfield,TB,QB,63.7
T.J. Hockenson,MIN,TE,64.0
Calvin Ridley,TEN,WR,64.0
George Pickens,DAL,WR,64.2
Aaron Jones Sr.,MIN,RB,64.7
Tony Pollard,TEN,RB,68.0
Travis Hunter,JAC,WR,69.7
Bo Nix,DEN,QB,71.8
Jaylen Waddle,MIA,WR,72.7
Mark Andrews,BAL,TE,74.0
Jerry Jeudy,CLE,WR,75.0
Kaleb Johnson,PIT,RB,80.2
Rome Odunze,CHI,WR,81.2
Chris Olave,NO,WR,82.0
Joe Mixon,HOU,RB,83.0
Tyrone Tracy Jr.,NYG,RB,83.0
Evan Engram,DEN,TE,84.0
Deebo Samuel Sr.,WAS,WR,84.3
David Njoku,CLE,TE,85.2
Stefon Diggs,NE,WR,87.0
Kyler Murray,ARI,QB,87.2
Jakobi Meyers,LV,WR,87.8
Jaylen Warren,PIT,RB,88.0
Cooper Kupp,SEA,WR,89.5
Ricky Pearsall,SF,WR,92.0
Tyler Warren,IND,TE,92.5
Emeka Egbuka,TB,WR,93.2
Jordan Addison,MIN,WR,94.5
Matthew Golden,GB,WR,95.0
Travis Etienne Jr.,JAC,RB,98.8
Chris Godwin Jr.,TB,WR,100.0
Brock Purdy,SF,QB,100.5
Khalil Shakir,BUF,WR,101.7
Dak Prescott,DAL,QB,102.5
Jared Goff,DET,QB,103.3
Jordan Mason,MIN,RB,105.2
Cam Skattebo,NYG,RB,105.2
Denver Broncos,missing,DST,106.5
Brandon Aubrey,DAL,K,106.7
Jauan Jennings,SF,WR,106.8
J.K. Dobbins,DEN,RB,107.8
Jacory Croskey-Merritt,WAS,RB,110.7
Justin Fields,NYJ,QB,111.8
Quinshon Judkins,CLE,RB,111.8
Tucker Kraft,GB,TE,112.0
Javonte Williams,DAL,RB,112.3
Justin Herbert,LAC,QB,112.8
Philadelphia Eagles,missing,DST,113.8
Zach Charbonnet,SEA,RB,114.2
Rhamondre Stevenson,NE,RB,114.2
Colston Loveland,CHI,TE,114.7
Michael Pittman Jr.,IND,WR,115.0
Caleb Williams,CHI,QB,119.2
Brian Robinson Jr.,SF,RB,119.3
Jayden Reed,GB,WR,119.5
Austin Ekeler,WAS,RB,120.5
Keon Coleman,BUF,WR,121.3
Baltimore Ravens,missing,DST,121.8
Josh Downs,IND,WR,127.0
Dalton Kincaid,BUF,TE,128.5
Jake Bates,DET,K,131.2
Drake Maye,NE,QB,131.3
C.J. Stroud,HOU,QB,132.2
Tank Bigsby,JAC,RB,134.3
Cameron Dicker,LAC,K,134.8
Pittsburgh Steelers,missing,DST,134.8
Kyle Pitts Sr.,ATL,TE,135.5
Najee Harris,LAC,RB,136.2
Jake Ferguson,DAL,TE,137.7
Buffalo Bills,missing,DST,137.8
Jordan Love,GB,QB,139.7
Houston Texans,missing,DST,139.8
Jaydon Blue,DAL,RB,140.2
Dallas Goedert,PHI,TE,141.2
Darnell Mooney,ATL,WR,142.7
Rachaad White,TB,RB,142.8
Brandon Aiyuk,SF,WR,142.8
J.J. McCarthy,MIN,QB,142.8
Rashid Shaheed,NO,WR,145.5
Minnesota Vikings,missing,DST,145.7
Nick Chubb,HOU,RB,145.7
Tyjae Spears,TEN,RB,146.0
Jonnu Smith,PIT,TE,146.0
Jayden Higgins,HOU,WR,147.0
Braelon Allen,NYJ,RB,147.3
Chase McLaughlin,TB,K,147.8
Marvin Mims Jr.,DEN,WR,150.7
Christian Kirk,HOU,WR,152.3
Keenan Allen,LAC,WR,153.5
Zach Ertz,WAS,TE,154.7
Tre' Harris,LAC,WR,155.8
Bhayshul Tuten,JAC,RB,157.2
Chris Boswell,PIT,K,158.8
Trevor Lawrence,JAC,QB,159.2
Trey Benson,ARI,RB,160.2
Marquise Brown,KC,WR,166.8
Hunter Henry,NE,TE,167.0
San Francisco 49ers,missing,DST,167.8
Tyler Allgeier,ATL,RB,168.0
Jerome Ford,CLE,RB,169.0
Detroit Lions,missing,DST,169.0
Luther Burden III,CHI,WR,169.3
Ka'imi Fairbairn,HOU,K,169.5
Rashod Bateman,BAL,WR,172.0
Jake Elliott,PHI,K,172.7
Ray Davis,BUF,RB,172.8
Tua Tagovailoa,MIA,QB,173.5
Kansas City Chiefs,missing,DST,174.3
Harrison Butker,KC,K,174.8
Cam Ward,TEN,QB,175.2
Adam Thielen,CAR,WR,177.8
Tyler Bass,BUF,K,180.2
Isaac Guerendo,SF,RB,182.3
Matthew Stafford,LAR,QB,182.5
Michael Penix Jr.,ATL,QB,182.7
Dylan Sampson,CLE,RB,183.2
Xavier Legette,CAR,WR,183.7
Bryce Young,CAR,QB,184.8
Cam Little,JAC,K,185.0
Rico Dowdle,CAR,RB,185.2
Kyle Williams,NE,WR,187.0
Wan'Dale Robinson,NYG,WR,187.7
Isaiah Likely,BAL,TE,190.2
Jason Sanders,MIA,K,190.8
DeAndre Hopkins,BAL,WR,190.8
Tyler Loop,BAL,K,191.8
Jaylen Wright,MIA,RB,191.8
Seattle Seahawks,missing,DST,193.0
Wil Lutz,DEN,K,194.0
Geno Smith,LV,QB,194.0
Kareem Hunt,KC,RB,195.2
Joshua Palmer,BUF,WR,195.3
Green Bay Packers,missing,DST,195.8
Tampa Bay Buccaneers,missing,DST,196.0
Matt Gay,WAS,K,196.6
Cade Otton,TB,TE,197.6
Aaron Rodgers,PIT,QB,198.4
Brenton Strange,JAC,TE,199.3
Darren Waller,MIA,TE,201.0
Pat Freiermuth,PIT,TE,202.2
Romeo Doubs,GB,WR,202.2
Chig Okonkwo,TEN,TE,203.5
Cedric Tillman,CLE,WR,204.0
Sam Darnold,SEA,QB,204.8
Los Angeles Chargers,missing,DST,205.5
Ollie Gordon II,MIA,RB,205.8
Evan McPherson,CIN,K,206.0
Younghoe Koo,ATL,K,206.7
DeMario Douglas,NE,WR,208.4
Chicago Bears,missing,DST,210.2
Dallas Cowboys,missing,DST,210.2
Arizona Cardinals,missing,DST,212.2
Jack Bech,LV,WR,212.3
Washington Commanders,missing,DST,214.7
Daniel Carlson,LV,K,215.4
New England Patriots,missing,DST,215.8
Cleveland Browns,missing,DST,217.0
Justice Hill,BAL,RB,218.3
Los Angeles Rams,missing,DST,220.8
Blake Corum,LAR,RB,221.0
Quentin Johnston,LAC,WR,221.5
Raheem Mostert,LV,RB,221.8
New York Giants,missing,DST,222.0
Mike Gesicki,CIN,TE,223.7
Cincinnati Bengals,missing,DST,224.3
Elijah Arroyo,SEA,TE,224.5
Dont'e Thornton Jr.,LV,WR,224.8
Shedeur Sanders,CLE,QB,225.8
New York Jets,missing,DST,226.3
Mason Taylor,NYJ,TE,227.5
Jaxson Dart,NYG,QB,227.5
Will Shipley,PHI,RB,228.0
Will Reichard,MIN,K,228.3
Dalton Schultz,HOU,TE,228.4
Alec Pierce,IND,WR,229.3
Atlanta Falcons,missing,DST,230.0
Jason Myers,SEA,K,230.5
Roschon Johnson,CHI,RB,230.8
Russell Wilson,NYG,QB,237.0
Brandon McManus,GB,K,237.8
Tyler Lockett,TEN,WR,238.0
Anthony Richardson Sr.,IND,QB,238.5
Jake Moody,SF,K,238.8
Joshua Karty,LAR,K,239.0
Isaac TeSlaa,DET,WR,239.8
DJ Giddens,IND,RB,241.3
Keaton Mitchell,BAL,RB,242.0
Miles Sanders,DAL,RB,243.8
DeWayne McBride,missing,RB,246.0
Cole Kmet,CHI,TE,246.3
Jalen McMillan,TB,WR,247.3
Kyle Juszczyk,SF,RB,249.0
Kyle Monangai,CHI,RB,250.5
Woody Marks,HOU,RB,251.0
Jordan Travis,missing,QB,251.0
Elic Ayomanor,TEN,WR,251.7
Cairo Santos,CHI,K,252.7
Elijah Mitchell,KC,RB,253.8
Matt Barkley,missing,QB,255.0
Kendre Miller,NO,RB,257.0
MarShawn Lloyd,GB,RB,257.5
Calvin Austin III,PIT,WR,258.3
Daniel Jones,IND,QB,261.0
Nate Becker,missing,TE,262.0
John Samuel Shenker,missing,TE,263.0
Ja'Tavion Sanders,CAR,TE,264.0
Noah Gray,KC,TE,264.8
Indianapolis Colts,missing,DST,267.5
Las Vegas Raiders,missing,DST,267.8
Darius Slayton,NYG,WR,268.0
Talolo Limu-Jones,missing,WR,268.0
Jalen Tolbert,DAL,WR,269.0
Mason Crosby,missing,K,270.0
Pat Bryant,DEN,WR,271.0
Jalen Coker,CAR,WR,271.0
Jaylin Noel,HOU,WR,273.0
Andrei Iosivas,CIN,WR,273.0
Amari Cooper,LV,WR,273.5
Graham Gano,NYG,K,274.3
Juwan Johnson,NO,TE,274.7
Jaleel McLaughlin,DEN,RB,274.7
KaVontae Turpin,DAL,WR,275.0
Brashard Smith,KC,RB,275.5
JoJo Ward,missing,WR,277.0
Joe Flacco,CLE,QB,277.0
Miami Dolphins,missing,DST,277.0
New Orleans Saints,missing,DST,277.5
Alexander Hollins,missing,WR,279.0
Adonai Mitchell,IND,WR,279.0
Devin Singletary,NYG,RB,280.0
Kirk Cousins,ATL,QB,280.7
Theo Johnson,NYG,TE,280.7
Zack Moss,missing,RB,281.8
Justin Tucker,missing,K,281.8
Ezekiel Elliott,missing,RB,282.0
Ray-Ray McCloud III,ATL,WR,282.0
Tory Horton,SEA,WR,282.6
Darrell Stewart Jr.,missing,WR,283.0
Michael Wilson,ARI,WR,283.3
Nick Folk,NYJ,K,283.5
Trevor Etienne,CAR,RB,284.0
Luke McCaffrey,WAS,WR,284.0
Reggie Bonnafon,missing,RB,285.0
Troy Franklin,DEN,WR,286.2
Phillip Brooks,missing,WR,287.0
Jermar Jefferson,TEN,RB,287.0
Diontae Johnson,missing,WR,287.0
Dawson Knox,BUF,TE,287.3
Jalen Milroe,SEA,QB,287.8
Master Teague,missing,RB,288.0
Sean Tucker,TB,RB,290.0
Andy Borregales,NE,K,290.7
John Ross,missing,WR,291.0
Dyami Brown,JAC,WR,291.0
Tre Tucker,LV,WR,291.5
Dalvin Cook,missing,RB,294.0
JuJu Smith-Schuster,KC,WR,294.3
Tyler Higbee,LAR,TE,294.7
Tennessee Titans,missing,DST,295.5
Dameon Pierce,HOU,RB,295.5
Zach Gentry,missing,TE,296.0
Jacob Kibodi,missing,RB,296.0
Jacksonville Jaguars,missing,DST,296.3
Tahj Brooks,CIN,RB,296.3
Jimmy Horn Jr.,CAR,WR,296.5
Jarquez Hunter,LAR,RB,297.5
Jermaine Jackson,missing,WR,298.0
Blake Grupe,NO,K,298.7
Tyler Shough,NO,QB,299.0
Jordan James,SF,RB,299.3
Terrance Ferguson,LAR,TE,301.8
Odell Beckham Jr.,missing,WR,302.0
Carolina Panthers,missing,DST,303.3
Tank Dell,HOU,WR,303.3
Grant Calcaterra,PHI,TE,303.5
Antonio Gibson,NE,RB,304.5
Jameis Winston,NYG,QB,304.7
Ryan Fitzgerald,CAR,K,305.0
Max Duggan,missing,QB,305.0
Nick Westbrook-Ikhine,MIA,WR,305.0
Elijah Moore,BUF,WR,305.7
Nathan Rourke,missing,QB,306.0
Darrell Henderson Jr.,missing,RB,308.0
Andre Patton,missing,WR,308.0
Jalen Nailor,MIN,WR,308.5
Josh Vann,missing,WR,310.0
Roman Wilson,PIT,WR,310.0
Jason Croom,missing,TE,311.0
Devaughn Vele,NO,WR,311.5
Parker Romo,NE,K,311.5
Tutu Atwell,LAR,WR,312.0
Brock Wright,DET,TE,312.0
Ty Johnson,BUF,RB,312.5
Brandin Cooks,NO,WR,313.0
Spencer Shrader,IND,K,313.7
Tyler Conklin,LAC,TE,315.0
Allen Lazard,NYJ,WR,315.0
Gabe Davis,missing,WR,316.0
Dustin Hopkins,missing,K,316.0
Joey Slye,TEN,K,316.3
Dontayvion Wicks,GB,WR,316.5
Zamir White,LV,RB,316.7
Noah Fant,CIN,TE,318.0
Luke Musgrave,GB,TE,318.0
Hunter Renfrow,missing,WR,318.7
Ahmad Wagner,missing,WR,319.0
Efton Chism III,NE,WR,320.7
Chad Williams,missing,WR,321.0
Deshaun Watson,CLE,QB,321.5
Jahan Dotson,PHI,WR,322.0
Taysom Hill,NO,TE,322.5
Chris Rodriguez Jr.,WAS,RB,323.3
Clint Ratkovich,missing,RB,324.0
Chad Ryland,ARI,K,324.3
J.J. Taylor,missing,RB,324.5
Kenny Stills,missing,WR,326.0
Samaje Perine,CIN,RB,327.5
Lenny Krieg,missing,K,328.0
Harrison Mevis,NYJ,K,331.0
Brett Maher,missing,K,332.0
Christian Watson,GB,WR,332.3
Carson Steele,missing,RB,332.5
Julio Jones,missing,WR,334.0
Darnell Washington,PIT,TE,335.0
Mitchell Tinsley,CIN,WR,336.0
Michael Mayer,LV,TE,336.7
Trey Quinn,missing,WR,337.0
AJ Barner,SEA,TE,337.0
KeAndre Lambert-Smith,LAC,WR,337.3
Joe Milton III,DAL,QB,337.7
Kenjon Barner,missing,RB,339.0
Joshua Dobbs,NE,QB,339.0
Harold Fannin Jr.,CLE,TE,339.0
Olamide Zaccheaus,CHI,WR,339.0
Anthony Turner,missing,WR,340.0
Marquez Valdes-Scantling,missing,WR,341.5
Theo Riddick,missing,RB,342.0
Ben DiNucci,missing,QB,342.0
Jalen Royals,KC,WR,342.8
Maurice Alexander,CHI,WR,343.0
Devin Neal,NO,RB,343.7
Adam Trautman,DEN,TE,345.5
DJ Turner,missing,WR,346.0
A.J. Dillon,PHI,RB,346.7
Tim Patrick,DET,WR,347.3
Audric Estime,missing,RB,347.5
Anthony Brown Jr.,missing,QB,348.0
Jared Wayne,missing,WR,350.0
Austin Hooper,NE,TE,350.7
Isaac Rex,missing,TE,352.0
Kwamie Lassiter II,missing,WR,353.0
Kayshon Boutte,NE,WR,353.0
Kenneth Gainwell,PIT,RB,353.5
Jimmy Garoppolo,LAR,QB,354.0
John Metchie III,PHI,WR,355.0
George Campbell,missing,WR,355.0
Damien Martinez,missing,RB,355.0
Randy Bullock,missing,K,355.0
Will Dissly,LAC,TE,355.7
Parker Washington,JAC,WR,357.0
Stephon Robinson Jr.,missing,WR,357.0
Kenny Pickett,LV,QB,357.5
Salvon Ahmed,IND,RB,358.0
Emanuel Wilson,GB,RB,359.0
Noah Cain,missing,RB,359.0
Quinn Ewers,MIA,QB,359.0
Jake Bobo,SEA,WR,359.7
Nsimba Webster,missing,WR,360.0
Michael Badgley,missing,K,361.0
Cole Beasley,missing,WR,361.0
Mason Rudolph,PIT,QB,361.0
Tez Johnson,TB,WR,361.7
Cam Newton,missing,QB,362.0
Boston Scott,missing,RB,362.0
Malik Washington,MIA,WR,362.5
Robert Foster,missing,WR,363.0
Jequez Ezzard,missing,WR,364.0
Matthew Wright,missing,K,364.7
Wendell Smallwood,missing,RB,365.0
Jordan Whittington,LAR,WR,367.0
Jha'Quan Jackson,missing,WR,367.5
Josh Oliver,MIN,TE,367.7
Kameron Brown,missing,WR,368.0
Jason Brownlee,KC,WR,369.0
Giovani Bernard,missing,RB,370.0
Jaren Hall,missing,QB,370.0
Alex Ellis,missing,TE,373.0
Louis Rees-Zammit,missing,RB,373.0
Craig Reynolds,DET,RB,373.3
Ty Chandler,MIN,RB,373.3
Tanner McKee,PHI,QB,374.3
Elijah Higgins,ARI,TE,374.3
Jalin Hyatt,NYG,WR,375.0
SaRodorick Thompson Jr.,missing,RB,375.0
Jalen Guyton,missing,WR,375.0
Leonard Fournette,missing,RB,376.0
Johnnie Dixon,missing,WR,376.0
Robert Griffin III,missing,QB,377.0
Austin Seibert,missing,K,377.0
Spencer Rattler,NO,QB,377.5
Phillip Dorsett II,missing,WR,378.0
Tommy DeVito,missing,QB,378.0
Travis Wilson,missing,WR,378.0
Luke Schoonmaker,DAL,TE,378.3
Ben Sinnott,WAS,TE,378.3
Carson Wentz,MIN,QB,379.0
Mack Hollins,NE,WR,380.0
Trent Taylor,SF,WR,380.0
Equanimeous St. Brown,missing,WR,380.0
Jeremy McNichols,WAS,RB,381.0
Malik Willis,GB,QB,381.0
Demarcus Robinson,SF,WR,381.0
Marcus Mariota,WAS,QB,381.0
Henry Pearson,missing,RB,382.0
Caden Davis,missing,K,382.3
C.J. Ham,MIN,RB,383.5
Frank Gore Jr.,BUF,RB,384.5
Sterling Shepard,TB,WR,385.0
Will Howard,PIT,QB,385.3
Gardner Minshew II,KC,QB,387.7
Deuce Vaughn,missing,RB,388.0
Jude McAtamney,NYG,K,388.0
David Moore,CAR,WR,388.0
Skyy Moore,SF,WR,389.3
LaJohntay Wester,BAL,WR,390.0
Mac Jones,SF,QB,390.3
Ryan Tannehill,missing,QB,391.0
Mitchell Trubisky,BUF,QB,391.3
Noah Brown,WAS,WR,391.5
Hendon Hooker,missing,QB,392.0
Greg Joseph,missing,K,392.7
Drew Sample,CIN,TE,393.0
Julian Hill,MIA,TE,393.7
Tyreik McAllister,missing,RB,394.0
Drew Lock,SEA,QB,394.0
Kalif Raymond,DET,WR,395.7
Brayden Narveson,missing,K,396.0
Kadarius Toney,missing,WR,396.5
Connor Heyward,PIT,TE,398.5
Jarrett Stidham,DEN,QB,399.0
Brandon Allen,TEN,QB,399.5
Cam Akers,missing,RB,400.7
Cooper Rush,BAL,QB,400.7
Tylan Wallace,BAL,WR,401.0
Isaiah Bond,CLE,WR,401.3
Patrick Ricard,BAL,RB,404.0
Robert Woods,missing,WR,404.0
E.J. Jenkins,missing,TE,404.0
Mecole Hardman Jr.,missing,WR,404.0
Oronde Gadsden II,LAC,TE,404.7
Hunter Luepke,DAL,RB,405.0
Xavier Restrepo,missing,WR,405.3
Lil'Jordan Humphrey,missing,WR,405.5
Tai Felton,MIN,WR,406.0
Chris Brooks,GB,RB,406.0
Kyle Allen,DET,QB,406.5
D.J. Montgomery,IND,WR,406.5
Daniel Bellinger,NYG,TE,407.0
Eddy Pineiro,missing,K,408.0
Ainias Smith,missing,WR,411.0
Greg Zuerlein,missing,K,411.5
Jake Browning,CIN,QB,413.7
Donovan Peoples-Jones,missing,WR,414.0
Tanner Brown,missing,K,415.0
Matt Ammendola,missing,K,417.0
Curtis Samuel,BUF,WR,420.3
River Cracraft,WAS,WR,421.0
Ian Book,missing,QB,422.5
Julius Chestnut,TEN,RB,422.5
Tyquan Thornton,KC,WR,422.5
Clyde Edwards-Helaire,missing,RB,423.0
Khalil Herbert,IND,RB,424.7
Darius Cooper,PHI,WR,425.0
Justin Watson,HOU,WR,425.5
Mo Alie-Cox,IND,TE,425.7
Kirk Merritt,missing,WR,428.0
Braxton Berrios,HOU,WR,428.5
Alex Armah Jr.,missing,RB,429.0
Matt Corral,missing,QB,430.0
Van Jefferson,TEN,WR,430.0
Cade York,missing,K,431.0
George Holani,SEA,RB,432.0
Mitchell Evans,CAR,TE,433.0
Gunnar Helm,TEN,TE,433.7
Rasheen Ali,BAL,RB,434.5
Anders Carlson,missing,K,435.3
Gunner Olszewski,NYG,WR,436.0
Trey Lance,LAC,QB,439.0
Lucky Jackson,MIN,WR,439.5
Armani Rogers,missing,TE,440.0
Greg Dortch,ARI,WR,440.0
Andy Dalton,CAR,QB,441.7
Cade Stover,HOU,TE,442.5
Ramel Keyton,missing,WR,443.0
Ricky White III,SEA,WR,444.0
Colby Parkinson,LAR,TE,444.5
James Robinson,missing,RB,446.0
Dillon Gabriel,CLE,QB,447.0
Jermaine Burton,CIN,WR,448.3
Jonathan Ward,missing,RB,449.0
Brenden Rice,missing,WR,449.0
Matt Prater,missing,K,449.5
Ben Sauls,missing,K,450.0
Kylen Granson,PHI,TE,451.0
Nikko Remigio,KC,WR,451.5
Scotty Miller,PIT,WR,452.0
Michael Burton,DEN,RB,453.0
Nathan Peterman,missing,QB,453.0
Tyler Badie,DEN,RB,453.0
Tyler Goodson,IND,RB,454.0
Case Keenum,CHI,QB,454.0
Zane Gonzalez,missing,K,454.7
Hassan Haskins,LAC,RB,455.0
Josh Whyle,missing,TE,455.0
Derius Davis,LAC,WR,455.0
Trey Palmer,missing,WR,455.5
Jimmy Graham,missing,TE,456.0
Kendrick Bourne,NE,WR,457.0
Kimani Vidal,LAC,RB,457.5
Jalin Conyers,MIA,TE,458.0
Sincere McCormick,LV,RB,459.0
Jalen White,missing,RB,459.5
Josh Reynolds,NYJ,WR,459.5
Dorian Thompson-Robinson,missing,QB,460.0
Xavier Hutchinson,HOU,WR,463.0
Aidan O'Connell,LV,QB,464.0
Rashaad Penny,missing,RB,464.0
Davis Allen,LAR,TE,466.5
Nate Adkins,DEN,TE,468.0
Scotty Washington,BAL,WR,468.0
Lucas Havrisik,missing,K,471.0
Foster Moreau,NO,TE,471.0
Sione Vaki,DET,RB,471.0
Trey Sermon,PIT,RB,471.3
Charlie Smyth,missing,K,472.0
Jeremy Ruckert,NYJ,TE,472.5
Jaylin Lane,WAS,WR,473.0
Jake Fromm,missing,QB,473.0
Jacob Cowing,SF,WR,474.0
Carson Strong,missing,QB,475.0
Tyler Scott,CHI,WR,476.0
Jeff Wilson Jr.,missing,RB,476.5
Tommy Tremble,CAR,TE,476.7
Emari Demercado,ARI,RB,477.0
Konata Mumpfield,LAR,WR,478.0
Terrell Jennings,NE,RB,478.0
Travis Homer,CHI,RB,478.0
Zach Wilson,MIA,QB,478.0
Jonathan Mingo,DAL,WR,479.3
Robert Tonyan,KC,TE,479.5
John Bates,WAS,TE,479.5
Josh Johnson,WAS,QB,479.5
Teddy Bridgewater,TB,QB,480.0
Nick Mullens,JAC,QB,481.5
Jared Wiley,KC,TE,481.5
Terrace Marshall Jr.,missing,WR,481.5
Rodney Williams,missing,TE,482.0
Tyrod Taylor,NYJ,QB,483.0
Charlie Kolar,BAL,TE,484.0
Darrell Daniels,missing,TE,484.0
DeAndre Carter,missing,WR,485.0
Tyler Johnson,NYJ,WR,485.0
Jacoby Brissett,ARI,QB,486.0
Eric Saubert,SEA,TE,487.0
Jamaal Williams,missing,RB,488.0
Ian Thomas,LV,TE,489.0
Robbie Chosen,SF,WR,490.5
Isaiah Davis,NYJ,RB,490.5
Xazavian Valladay,MIN,RB,491.0
Zach Pascal,missing,WR,491.0
Sam Howell,PHI,QB,491.3
James McCourt,missing,K,492.0
Cedrick Wilson Jr.,NO,WR,492.5
Alec Ingold,MIA,RB,494.0
Zay Jones,ARI,WR,496.0
Tyson Bagent,CHI,QB,496.0
Cordarrelle Patterson,missing,RB,497.5
Ellis Merriweather,missing,RB,498.0
Christopher Dunn,missing,K,499.0
Elijah Young,missing,RB,500.0
Robbie Ouzts,SEA,TE,500.5
Harrison Bryant,HOU,TE,502.0
Stetson Bennett IV,LAR,QB,503.0
DeeJay Dallas,ARI,RB,503.0
Keith Kirkwood,BAL,WR,504.5
Ryan Coe,missing,K,505.0
Laquon Treadwell,IND,WR,505.5
Mitch Van Vooren,missing,WR,506.0
Avery Williams,PHI,RB,507.0
Tim Jones,MIN,WR,507.0
Donovan Edwards,NYJ,RB,510.0
Jacardia Wright,SEA,RB,511.0
Luke Farrell,SF,TE,511.5
Gus Edwards,missing,RB,512.0
Davis Mills,HOU,QB,513.0
Ben Skowronek,PIT,WR,514.0
Trayveon Williams,CLE,RB,514.5
Riley Patterson,missing,K,516.0
Gavin Bartholomew,MIN,TE,516.5
John FitzPatrick,GB,TE,517.0
Tanner Hudson,CIN,TE,520.0
Pierre Strong Jr.,missing,RB,520.0
KJ Hamler,missing,WR,520.5
Tyrion Davis-Price,GB,RB,522.0
Savion Williams,GB,WR,522.7
Devin Duvernay,CHI,WR,524.0
Lucas Krull,DEN,TE,524.0
Tre Watson,missing,TE,526.0
Michael Carter,ARI,RB,527.0
Jalen Brooks,missing,WR,528.0
Michael Gallup,missing,WR,529.5
Ronnie Bell,DET,WR,532.0
Payne Durham,TB,TE,534.0
Brady Russell,SEA,TE,536.0
Pharaoh Brown,missing,TE,538.0
Blake Whiteheart,CLE,TE,539.0
Ryan Flournoy,DAL,WR,542.0
Thomas Fidone II,NYG,TE,543.5
Tyrell Shavers,BUF,WR,543.5
Kazmeir Allen,missing,WR,544.5
Jalen Reagor,LAC,WR,545.0
Charlie Jones,CIN,WR,546.0
Deon Jackson,DET,RB,546.0
Arian Smith,NYJ,WR,547.3
Javon Baker,NE,WR,548.0
Jaheim Bell,missing,TE,549.0
Brittain Brown,CHI,RB,550.5
Caden Prieskorn,DEN,TE,552.0
Tommy Mellott,LV,WR,552.5
Devontez Walker,BAL,WR,553.5
Mark McNamee,GB,K,554.0
Kendall Milton,CIN,RB,555.0
Terique Owens,missing,WR,556.0
Jordan Watkins,SF,WR,556.0
Kyle Trask,missing,QB,557.0
Jonathan Kim,missing,K,559.0
Maddux Trujillo,IND,K,562.0
Desmond Ridder,missing,QB,565.0
Trevor Siemian,TEN,QB,567.0
Jamari Thrash,CLE,WR,568.0
Taylor Heinicke,LAC,QB,568.0
Raheem Blackshear,missing,RB,568.5
Chris Moore,WAS,WR,569.0
Nate Sudfeld,missing,QB,571.0
Tyler Boyd,missing,WR,572.0
Bailey Zappe,missing,QB,575.0
Elijhah Badger,KC,WR,577.0
Jamal Agnew,ATL,WR,578.0
Johnny Mundt,JAC,TE,579.0
LeQuint Allen Jr.,JAC,RB,580.0
Phil Mafah,DAL,RB,580.5
Dare Ogunbowale,HOU,RB,583.0
Dallin Holker,missing,TE,583.0
Royce Freeman,CHI,RB,584.0
Jaden Smith,missing,WR,586.0
John Kelly Jr.,missing,RB,587.0
Anthony Miller,BAL,WR,588.0
Dante Pettis,missing,WR,589.0
Durham Smythe,CHI,TE,590.0
Dominic Lovett,DET,WR,593.0
Riley Leonard,IND,QB,594.0
Ross Dwelley,missing,TE,594.0
Tim Boyle,missing,QB,595.0
Trent Sherfield Sr.,DEN,WR,598.0
KhaDarel Hodge,ATL,WR,600.0
Miles Boykin,CHI,WR,603.0
Brett Rypien,missing,QB,604.0
Tyree Jackson,WAS,TE,604.5
Irv Smith Jr.,HOU,TE,605.0
D.J. Williams,missing,RB,605.5
Jakob Johnson,missing,RB,606.0
Trenton Irwin,JAC,WR,607.0
Juwann Winfree,HOU,WR,608.0
Malik Taylor,DET,WR,609.0
Steven Sims Jr.,SEA,WR,610.0
Alex Bachman,LV,WR,611.0
Tom Kennedy,missing,WR,612.0
Tyler Huntley,missing,QB,614.0
Silas Bolden,missing,WR,615.0
Max Brosmer,MIN,QB,616.0
Isaiah Hodgins,SF,WR,617.0
Giovanni Ricci,MIN,TE,618.0
Ben Wooldridge,missing,QB,621.0
Ja'Quinden Jackson,missing,RB,623.0
Laviska Shenault Jr.,missing,WR,624.0
Chimere Dike,TEN,WR,624.0
Cody White,SEA,WR,625.0
Trishton Jackson,ARI,WR,626.0
Bryce Perkins,missing,QB,627.0
K.J. Osborn,missing,WR,628.0
Corey Kiner,SF,RB,630.0
Chase Claypool,missing,WR,631.0
JaMycal Hasty,NE,RB,632.0
Charlie Woerner,ATL,TE,633.0
DJ Uiagalelei,missing,QB,634.0
Nick Kallerup,SEA,TE,635.0
Reggie Gilliam,BUF,RB,636.0
Raheim Sanders,missing,RB,637.0
Kalel Mullings,TEN,RB,637.0
Lawrence Cager,WAS,WR,638.0
Tarik Black,missing,WR,639.0
Kenny Yeboah,DET,TE,642.0
Tre' McKitty,missing,TE,644.0
Simi Fehoko,ARI,WR,644.0
Dez Fitzpatrick,missing,WR,645.0
Sam Ehlinger,DEN,QB,646.0
David Bell,CLE,WR,646.0
Cornell Powell,HOU,WR,648.0
Ihmir Smith-Marsette,NYG,WR,649.0
Jake Briningstool,KC,TE,649.0
Hunter Long,JAC,TE,650.0
Zach Davidson,BUF,TE,651.0
Kene Nwangwu,NYJ,RB,652.0
Gary Brightwell,CIN,RB,653.0
Ashton Dulin,IND,WR,653.0
Dee Eskridge,MIA,WR,656.0
Andrew Beck,NYJ,TE,657.5
Jack Stoll,NO,TE,659.0
Jaret Patterson,LAC,RB,660.0
Shane Zylstra,DET,TE,661.0
Velus Jones Jr.,NO,WR,663.0
Jake Tonges,SF,TE,664.0
Michael Woods II,missing,WR,665.0
Greg Dulcich,missing,TE,666.0
Drew Ogletree,IND,TE,667.0
Nick Nash,ATL,WR,667.5
Jelani Woods,missing,TE,668.0
Skylar Thompson,PIT,QB,670.0
Nick Muse,missing,TE,671.0
Irvin Charles,NYJ,WR,673.0
Zonovan Knight,ARI,RB,674.0
Britain Covey,LAR,WR,675.0
Bo Melton,GB,WR,676.0
Dareke Young,SEA,WR,677.0
Justyn Ross,missing,WR,679.0
Kendric Pryor,CIN,WR,680.0
Kaden Davis,CLE,WR,681.0
Brandon Johnson,PIT,WR,682.0
Kevin Austin Jr.,missing,WR,683.0
Braylon Sanders,missing,WR,684.0
Jashaun Corbin,ATL,RB,685.0
Ronnie Rivers,LAR,RB,686.0
Stone Smartt,NYJ,TE,687.0
Tucker Fisk,LAC,TE,688.0
Justin Shorter,LV,WR,690.0
Ketron Jackson Jr.,missing,WR,692.0
Patrick Herbert,JAC,TE,693.0
Evan Hull,missing,RB,694.0
Brock Lampe,NE,RB,695.0
Zach Evans,missing,RB,697.0
Xavier Smith,LAR,WR,698.0
Jake Haener,missing,QB,699.0
Cam Miller,LV,QB,700.0
Eric Gray,NYG,RB,701.0
Marcus Yarns,missing,RB,702.0
Israel Abanikanda,GB,RB,703.0
Beaux Collins,NYG,WR,704.0
Brayden Willis,SF,TE,705.0
Andre Szmyt,CLE,K,708.0
Malik Heath,GB,WR,709.0
Zavier Scott,MIN,WR,710.0
Xavier Gipson,NYJ,WR,712.0
Brady Cook,NYJ,QB,714.0
Jordan Mims,TEN,RB,715.0
Shedrick Jackson,LV,WR,716.0
Jalen Cropper,DAL,WR,717.0
Princeton Fant,missing,TE,718.0
Chase Cota,CLE,WR,719.0
JJ Galbreath,PIT,TE,724.0
Thayer Thomas,MIN,WR,725.0
Malik Knowles,missing,WR,726.0
Roc Taylor,missing,WR,727.0
Johnny Lumpkin,missing,TE,728.0
Kyle McCord,missing,QB,730.0
Rakim Jarrett,missing,WR,731.0
Ryan Miller,TB,WR,732.0
Jase McClellan,missing,RB,735.0
Casey Washington,ATL,WR,736.0
Devin Leary,missing,QB,737.0
Jonathon Brooks,CAR,RB,739.0
Erick All Jr.,CIN,TE,740.0
Giles Jackson,missing,WR,742.0
Anthony Gould,IND,WR,743.0
Keilan Robinson,PHI,RB,744.0
Dylan Laube,LV,RB,745.0
Tahj Washington,MIA,WR,746.0
Bub Means,NO,WR,748.0
Dante Miller,missing,RB,749.0
Malachi Corley,missing,WR,750.0
Tip Reiman,ARI,TE,751.0
Ja'Corey Brooks,WAS,WR,752.0
Devin Culp,TB,TE,753.0
Winston Wright,missing,WR,754.0
Phil Lutz,missing,WR,755.0
Emory Jones,ATL,QB,757.0
Emani Bailey,missing,RB,758.0
Baylor Cupp,missing,TE,759.0
Austin Reed,missing,QB,760.0
Ian Wheeler,missing,RB,761.0
Cam Grandy,CIN,TE,762.0
Brevyn Spann-Ford,DAL,TE,763.0
Blake Watson,DEN,RB,764.0
Thomas Yassmin,LAC,TE,765.0
Isaiah Williams,CIN,WR,766.0
Kedon Slovis,missing,QB,767.0
Carter Bradley,missing,QB,768.0
Mason Tipton,NO,WR,769.0
Xavier Weaver,ARI,WR,770.0
David Martin-Robinson,TEN,TE,771.0
Bryce Oliver,TEN,WR,772.0
Jabari Small,missing,RB,773.0
Tanner Mordecai,missing,QB,774.0
Cody Schrader,LAR,RB,775.0
Kameron Johnson,TB,WR,776.0
Sam Hartman,missing,QB,777.0
Colson Yankoff,WAS,TE,778.0
Shawn Bowman,JAC,TE,779.0
Jahmal Banks,BAL,WR,780.0
Marcus Major Jr.,missing,RB,781.0
Keleki Latu,BUF,TE,782.0
Deion Hankins,CHI,RB,783.0
Jahdae Walker,CHI,WR,784.0
Quali Conley,missing,RB,785.0
Luke Floriea,missing,WR,786.0
Ahmani Marshall,CLE,RB,787.0
Rivaldo Fairweather,missing,TE,788.0
Traeshon Holden,DAL,WR,789.0
Courtney Jackson,DEN,WR,791.0
Caleb Lohner,DEN,TE,792.0
Amar Johnson,GB,RB,795.0
Micah Bernard,missing,RB,797.0
Drake Dabney,TEN,TE,798.0
Graham Mertz,HOU,QB,800.0
Ajou Ajou,IND,WR,801.0
Nick Vannett,MIN,TE,803.0
Gerald Everett,missing,TE,804.0
DJ Chark Jr.,missing,WR,805.0
Russell Gage Jr.,SF,WR,806.0
Mike Boone,missing,RB,807.0
Malik Turner,SF,WR,808.0
John Wolford,missing,QB,809.0
Myles Gaskin,BAL,RB,810.0
Will Grier,DAL,QB,812.0
Kelvin Harmon,missing,WR,814.0
Andy Isabella,missing,WR,817.0
David Sills,ATL,WR,818.0
Kawaan Baker,missing,WR,820.0
Quintin Morris,JAC,TE,823.0
Feleipe Franks,ATL,QB,824.0
Austin Trammell,JAC,WR,825.0
Brandon Smith,missing,WR,826.0
Adam Prentice,DEN,RB,827.0
Shane Buechele,missing,QB,828.0
Michael Bandy,DEN,WR,829.0
Sal Cannella,missing,TE,830.0
Michael Jacobson,missing,TE,831.0
Montrell Washington,missing,WR,833.0
James Mitchell,CAR,TE,834.0
Samori Toure,missing,WR,835.0
Teagan Quitoriano,ATL,TE,836.0
Lance McCutcheon,missing,WR,837.0
Erik Ezukanma,missing,WR,838.0
Kevin Harris,JAC,RB,839.0
Chris Oladokun,missing,QB,840.0
Ko Kieft,TB,TE,841.0
Zaire Mitchell-Paden,BAL,TE,842.0
Malik Davis,DAL,RB,843.0
Dennis Houston,TB,WR,844.0
Aaron Shampklin,missing,RB,845.0
Jalen Virgil,missing,WR,846.0
Brenden Bates,CLE,TE,847.0
Cole Burgess,missing,WR,848.0
Treyton Welch,missing,TE,849.0
Jason Bean,IND,QB,850.0
Joshua Cephus,JAC,WR,851.0
Jeshaun Jones,MIN,WR,853.0
Steven Stilianos,DET,TE,855.0
John Jiles,NE,WR,856.0
John Rhys Plumlee,SEA,QB,857.0
Mason Pline,NO,TE,858.0
Michael Wiley,KC,RB,860.0
British Brooks,HOU,RB,861.0
Neal Johnson,missing,TE,862.0
Drake Stoops,LAR,WR,863.0
Hayden Rucci,MIA,TE,864.0
Jaelen Gill,missing,WR,865.0
Kevin Foelsch,missing,TE,866.0
Geor'Quarius Spivey,KC,TE,867.0
Alex Hale,missing,K,868.0
Joshua Simon,ATL,TE,871.0
Xavier Guillory,BAL,WR,872.0
Lucas Scott,BAL,RB,874.0
Kelly Akharaiyi,missing,WR,875.0
Jackson Hawes,BUF,TE,876.0
Hal Presley,KC,WR,877.0
Kayron Lynch-Adams,missing,RB,878.0
Bryce Pierre,missing,TE,879.0
Jamoi Mayes,missing,WR,880.0
Jordan Moore,CIN,WR,881.0
Rashod Owens,missing,WR,882.0
Payton Thorne,missing,QB,884.0
Gage Larvadain,CLE,WR,885.0
Ja'seem Reed,missing,WR,886.0
Josh Kelly,missing,WR,887.0
Tyler Neville,missing,TE,888.0
Joaquin Davis,missing,WR,889.0
Jerjuan Newton,DEN,WR,890.0
Kyrese Rowan,missing,WR,891.0
Zach Horton,DET,TE,893.0
Jakobie Keeney-James,DET,WR,894.0
Jackson Meeks,missing,WR,895.0
Anthony Tyus III,SEA,RB,896.0
Taylor Elgersma,missing,QB,897.0
TJ Sheffield,missing,WR,899.0
Luke Lachey,HOU,TE,900.0
